  25,22                          
  25,22                          
  25,21                          
  25,22                          
  25,22                          
  25,22                          
  25,22                          
  25,21                          
  25,21                          
  25,22                          
  25,23                          
  25,22                          
  25,22                          
  25,22                          
  25,22                          
  25,22                          
  25,22                          
  25,21                          
  25,22                          
  25,21                          
  25,22                          
  25,21                          
  25,21                          
  25,22                          
  25,22                          
  25,22                          
  25,22                          
  25,21                          
  25,22                          
  25,21                          
  25,22                          
  25,21                          
  25,21                          
  25,22                          
  25,22                          
  25,22                          
  25,22                          
  25,21                          
  25,21                          
  25,22                          
  25,22                          
  25,21                          
  25,22                          
  25,22                          
  25,22                          
  25,22                          
  25,22                          
  25,22                          
  25,22                          
  25,22                          
  25,22                          
  25,21                          
  25,22                          
  25,22                          
  25,22                          
  25,22                          
  25,21                          
  25,21                          
  25,21                          
  25,21                          
  25,22                          
  25,21                          
  25,21                          
  25,21                          
  25,22                          
  25,21                          
  25,21                          
  25,22                          
  25,22                          
  25,21                          
  25,22                          
  25,22                          
  25,22                          
  25,22                          
  25,21                          
  25,21                          
  25,21                          
  25,21                          
  25,21                          
  25,21                          
  25,22                          
  25,22                          
  25,22                          
  25,23                          
  25,23                          
  25,22                          
  25,22                          
  25,22                          
  25,22                          
  25,22                          
  25,23                          
  25,22                          
  25,22                          
  25,22                          
  25,22                          
  25,21                          
  25,22                          
  25,22                          
  25,22                          
  25,22                          
  25,22                          
  25,21                          
  25,22                          
  25,22                          
  25,22                          
  25,23                          
  25,22                          
  25,22                          
  25,21                          
  25,22                          
  25,22                          
  25,21                          
  25,22                          
  25,22                          
  25,22                          
  25,22                          
  25,22                          
  25,22                          
  25,22                          
  25,22                          
  25,22                          
  25,21                          
  25,22                          
  25,22                          
  25,21                          
  25,22                          
  25,22                          
  25,23                          
  25,23                          
  25,23                          
  25,23                          
  25,22                          
  25,23                          
  25,23                          
  25,22                          
  25,22                          
  25,22                          
  25,23                          
  25,22                          
  25,22                          
  25,23                          
  25,22                          
  25,22                          
  25,22                          
  25,21                          
  25,21                          
  25,21                          
  25,22                          
  25,22                          
  25,22                          
  25,22                          
  25,23                          
  25,23                          
  25,23                          
  25,22                          
  97260,134                      
  97269,134                      
  97246,134                      
  97115,134                      
  97019,134                      
  97015,134                      
  96885,134                      
  96848,134                      
  96921,134                      
  96908,134                      
  96833,134                      
  96806,134                      
  96809,134                      
  96778,134                      
  96719,134                      
  96684,134                      
  96718,134                      
  96697,134                      
  96722,134                      
  96712,134                      
  96687,134                      
  96753,134                      
  96735,134                      
  96857,43                       
  96884,43                       
  96904,43                       
  96971,43                       
  97003,43                       
  97283,43                       
  97322,43                       
  97216,43                       
  97190,43                       
  97253,43                       
  97230,43                       
  97072,43                       
  97093,43                       
  97105,43                       
  97039,43                       
  97083,43                       
  97053,43                       
  96975,43                       
  96985,43                       
  97029,43                       
  97072,43                       
  97084,57                       
  97010,57                       
  96984,57                       
  97012,57                       
  96972,57                       
  97117,57                       
  97179,202                      
  97228,202                      
  97295,202                      
  97282,202                      
  97449,202                      
  97533,202                      
  97568,202                      
  97487,202                      
  97394,202                      
  97331,202                      
  97357,202                      
  97306,202                      
  97146,202                      
  97016,202                      
  96983,202                      
  96951,202                      
  96915,202                      
  96832,202                      
  96813,202                      
  96772,202                      
  96734,202                      
  96683,202                      
  96621,202                      
  96685,202                      
  96755,202                      
  96710,202                      
  96736,46                       
  96674,46                       
  96641,46                       
  96576,46                       
  96521,46                       
  96532,46                       
  96470,46                       
  96463,46                       
  96444,46                       
  96435,46                       
  96389,46                       
  96402,46                       
  96426,46                       
  96485,46                       
  96451,86                       
  96339,86                       
  96265,86                       
  96276,86                       
  96156,86                       
  96149,86                       
  96222,86                       
  96220,86                       
  96223,86                       
  96280,134                      
  96300,134                      
  96302,134                      
  96282,134                      
  96269,134                      
  96306,134                      
  96263,134                      
  96208,134                      
  96238,134                      
  96234,134                      
  96241,134                      
  96269,134                      
  96301,100                      
  96281,100                      
  96253,100                      
  96228,100                      
  96256,100                      
  96220,100                      
  96215,100                      
  96219,100                      
  96227,100                      
  96240,100                      
  96305,121                      
  96363,121                      
  96407,121                      
  96419,121                      
  96351,121                      
  96349,121                      
  96266,121                      
  96193,121                      
  96142,121                      
  96115,121                      
  96065,121                      
  96025,121                      
  96034,121                      
  96032,121                      
  96097,121                      
  96056,121                      
  96048,121                      
  96086,121                      
  96038,67                       
  95969,67                       
  95999,67                       
  95980,67                       
  95950,67                       
  95950,67                       
  95991,67                       
  96005,67                       
  95963,152                      
  95963,152                      
  95994,152                      
  95987,152                      
  95957,41                       
  95992,41                       
  96029,41                       
  95974,41                       
  95970,41                       
  95932,41                       
  95930,41                       
  95909,41                       
  95854,41                       
  95868,41                       
  95873,41                       
  95838,41                       
  95811,41                       
  95845,41                       
  95854,41                       
  95816,41                       
  95854,41                       
  95913,41                       
  95903,67                       
  95863,67                       
  95803,67                       
  95848,67                       
  95850,67                       
  95820,67                       
  95867,201                      
  95934,201                      
  96009,201                      
  96080,201                      
  96107,201                      
  96158,201                      
  96112,201                      
  95972,201                      
  96010,201                      
  96015,201                      
  95942,201                      
  95982,201                      
  95957,201                      
  95934,201                      
  95864,201                      
  95764,201                      
  95749,201                      
  95775,201                      
  95751,201                      
  95755,201                      
  95731,201                      
  95747,201                      
  95714,201                      
  95651,201                      
  95626,201                      
  95642,201                      
  95647,201                      
  95608,201                      
  95543,201                      
  95570,201                      
  95496,201                      
  95373,201                      
  95373,201                      
  95417,201                      
  95411,201                      
  95425,201                      
  95490,201                      
  95534,32                       
  95502,32                       
  95441,32                       
  95436,32                       
  95375,32                       
  95335,32                       
  95346,32                       
  95338,32                       
  95356,32                       
  95338,32                       
  95303,32                       
  95327,32                       
  95301,32                       
  95204,32                       
  95166,32                       
  95175,32                       
  95232,32                       
  95219,32                       
  95191,32                       
  95244,63                       
  95232,63                       
  95245,63                       
  95187,63                       
  95150,63                       
  95125,63                       
  95101,63                       
  95183,63                       
  95335,63                       
  95484,134                      
  95575,134                      
  95604,134                      
  95725,134                      
  95941,134                      
  96041,134                      
  95942,134                      
  95886,134                      
  95748,134                      
  95657,134                      
  95617,134                      
  95543,134                      
  95536,134                      
  95515,134                      
  95454,134                      
  95424,134                      
  95390,134                      
  95365,134                      
  95282,134                      
  95186,134                      
  95196,134                      
  95176,134                      
  95249,134                      
  95233,134                      
  95244,50                       
  95343,50                       
  95334,50                       
  95390,50                       
  95377,50                       
  95371,50                       
  95328,50                       
  95275,50                       
  95334,50                       
  95267,50                       
  95181,50                       
  95198,50                       
  95147,50                       
  95091,50                       
  95059,50                       
  95036,50                       
  94977,50                       
  95038,50                       
  95001,50                       
  94956,50                       
  94944,50                       
  94940,50                       
  94874,50                       
  94763,50                       
  94702,50                       
  94714,50                       
  94753,50                       
  94753,50                       
  94817,50                       
  94902,41                       
  94861,41                       
  94826,41                       
  94829,41                       
  94805,41                       
  94763,41                       
  94744,41                       
  94783,41                       
  94855,41                       
  94879,134                      
  94861,134                      
  94871,134                      
  94807,134                      
  94768,134                      
  94751,134                      
  94758,134                      
  94666,134                      
  94588,134                      
  94529,134                      
  94458,134                      
  94253,134                      
  94249,134                      
  94443,134                      
  94596,86                       
  94811,86                       
  95037,86                       
  95041,86                       
  94917,86                       
  94666,86                       
  94554,86                       
  94606,86                       
  94753,86                       
  94822,86                       
  95006,120                      
  95039,120                      
  94871,120                      
  94532,120                      
  94341,120                      
  94447,120                      
  94464,120                      
  94490,120                      
  94475,120                      
  94380,120                      
  94235,120                      
  94150,120                      
  94225,120                      
  94303,120                      
  94249,120                      
  94224,120                      
  94261,120                      
  94334,120                      
  94417,67                       
  94452,67                       
  94488,67                       
  94494,67                       
  94503,67                       
  94672,67                       
  94718,67                       
  94701,67                       
  94750,67                       
  94734,67                       
  94705,67                       
  94635,67                       
  94553,67                       
  94517,67                       
  94491,67                       
  94478,67                       
  94522,67                       
  94527,67                       
  94540,67                       
  94517,63                       
  94493,63                       
  94502,63                       
  94508,63                       
  94471,63                       
  94415,63                       
  94395,63                       
  94420,63                       
  94341,63                       
  94269,63                       
  94281,63                       
  94302,63                       
  94227,63                       
  94181,63                       
  94348,63                       
  94419,80                       
  94427,80                       
  94389,80                       
  94428,80                       
  94553,80                       
  94614,80                       
  94748,80                       
  94979,80                       
  95226,80                       
  95403,80                       
  95502,80                       
  95579,80                       
  95480,80                       
  95301,80                       
  95276,80                       
  95186,80                       
  95138,80                       
  95036,80                       
  94950,80                       
  94930,80                       
  94793,80                       
  94761,80                       
  94697,80                       
  94732,80                       
  94672,80                       
  94634,80                       
  94669,80                       
  94564,80                       
  94577,80                       
  94600,80                       
  94588,80                       
  94579,80                       
  94473,80                       
  94423,80                       
  94476,80                       
  94479,80                       
  94467,80                       
  94486,80                       
  94511,80                       
  94505,31                       
  94485,31                       
  94480,31                       
  94445,31                       
  94428,31                       
  94418,31                       
  94395,31                       
  94371,31                       
  94332,31                       
  94321,31                       
  104198,174                     
  104163,174                     
  104167,174                     
  104134,174                     
  104191,174                     
  104173,174                     
  104143,174                     
  104151,48                      
  104125,48                      
  104137,48                      
  104095,48                      
  104100,48                      
  104183,48                      
  104120,48                      
  104039,48                      
  104011,48                      
  104041,48                      
  103959,48                      
  103878,48                      
  103843,48                      
  103785,48                      
  103737,48                      
  103713,48                      
  103720,48                      
  103734,48                      
  103689,48                      
  103674,48                      
  103725,48                      
  103702,48                      
  103711,48                      
  103710,48                      
  103678,48                      
  103618,48                      
  103582,48                      
  103517,48                      
  103560,48                      
  103496,48                      
  103483,48                      
  103480,48                      
  103440,48                      
  103411,48                      
  103484,48                      
  103441,34                      
  103444,34                      
  103418,34                      
  103371,34                      
  103353,34                      
  103305,34                      
  103286,34                      
  103304,34                      
  103258,34                      
  103249,34                      
  103255,34                      
  103250,34                      
  103298,34                      
  103294,34                      
  103259,34                      
  103135,34                      
  103145,34                      
  103168,34                      
  103143,34                      
  103063,34                      
  103131,34                      
  103051,34                      
  103072,55                      
  103042,55                      
  103079,55                      
  103046,55                      
  103035,55                      
  103064,55                      
  103025,202                     
  103012,202                     
  103031,202                     
  103005,202                     
  102972,202                     
  102903,202                     
  102877,202                     
  102971,202                     
  102941,202                     
  102919,202                     
  102941,202                     
  102870,202                     
  102902,202                     
  102895,202                     
  102914,202                     
  102871,202                     
  102837,202                     
  102873,202                     
  102896,68                      
  5,0                          
  645,0                          
  618,0                          
  623,0                          
  630,0                          
  651,0                          
  631,0                          
  604,0                          
  661,0                          
  617,0                          
  604,0                          
  645,0                          
  646,0                          
  618,0                          
  616,0                          
  614,0                          
  649,0                          
  629,0                          
  606,0                          
  646,0                          
  645,0                          
  609,0                          
  627,0                          
  637,0                          
  640,0                          
  611,0                          
  619,0                          
  642,0                          
  595,0                          
  652,0                          
  646,0                          
  631,0                          
  628,0                          
  610,0                          
  656,0                          
  633,0                          
  607,0                          
  641,0                          
  634,0                          
  615,0                          
  618,0                          
  634,0                          
  643,0                          
  637,0                          
  608,0                          
  657,0                          
  0,0                            
  0,0                            
  0,0                            
  0,0                            
  0,0                            
  0,0                            
  0,0                            
  0,0                            
  0,0                            
  0,0                            
  0,0                            
  0,0                            
  0,0                            
  0,0                            
  0,0                            
  0,0                            
  0,0                            
  0,0                            
  0,0                            
  0,0                            
  0,0                            
  0,0                            
  0,0                            
  0,0                            
  0,0                            
  0,0                            
  0,0                            
  0,0                            
  0,0                            
  0,0                            
  0,0                            
  0,0                            
  0,0                            
  0,0                            
  0,0                            
  0,0                            
  0,0                            
  0,0                            
  0,0                            
  0,0                            
  0,0                            
  0,0                            
  0,0                            
  0,0                            
  0,0                            
  0,0                            
  0,0                            
  0,0                            
  0,0                            
  0,0                            
  0,0                            
  0,0                            
  0,0                            
  0,0                            
  0,0                            
  0,0                            
  0,0                            
  0,0                            
  0,0                            
  0,0                            
  0,0                            
  0,0                            
  0,0                            
  0,0                            
  0,0                            
  0,0                            
  0,0                            
  0,0                            
  0,0                            
  0,0                            
  0,0                            
  0,0                            
  0,0                            
  0,0                            
  0,0                            
  0,0                            
  0,0                            
  0,0                            
  0,0                            
  0,0                            
  0,0                            
  0,0                            
  0,0                            
  0,0                            
  0,0                            
  0,0                            
  0,0                            
  0,0                            
  0,0                            
  0,0                            
  0,0                            
  0,0                            
  0,0                            
  0,0                            
  0,0                            
  0,0                            
  0,0                            
  0,0                            
  0,0                            
  0,0                            
  0,0                            
  0,0                            
  0,0                            
  0,0                            
  0,0                            
  0,0                            
  0,0                            
  0,0                            
  0,0                            
  0,0                            
  0,0                            
  0,0                            
  0,0                            
  0,0                            
  0,0                            
  0,0                            
  0,0                            
  0,0                            
  0,0                            
  0,0                            
  0,0                            
  0,0                            
  0,0                            
  0,0                            
  0,0                            
  0,0                            
  0,0                            
  0,0                            
  0,0                            
  0,0                            
  0,0                            
  0,0                            
  0,0                            
  0,0                            
  0,0                            
  0,0                            
  0,0                            
  0,0                            
  0,0                            
  0,0                            
  0,0                            
  0,0                            
  0,0                            
  0,0                            
  0,0                            
  0,0                            
  0,0                            
  0,0                            
  0,0                            
  0,0                            
  0,0                            
  0,0                            
  0,0                            
  0,0                            
  0,0                            
  0,0                            
  0,0                            
  0,0                            
  0,0                            
  0,0                            
  0,0                            
  0,0                            
  0,0                            
  0,0                            
  0,0                            
  0,0                            
  0,0                            
  0,0                            
  0,0                            
  0,0                            
  0,0                            
  0,0                            
  0,0                            
  0,0                            
  0,0                            
  0,0                            
  0,0                            
  0,0                            
  0,0                            
  0,0                            
  0,0                            
  0,0                            
  0,0                            
  0,0                            
  0,0                            
  0,0                            
  0,0                            
  0,0                            
  0,0                            
  0,0                            
  0,0                            
  0,0                            
  0,0                            
  0,0                            
  0,0                            
  0,0                            
  0,0                            
  0,0                            
  0,0                            
  0,0                            
  0,0                            
  0,0                            
  0,0                            
  0,0                            
  0,0                            
  0,0                            
  0,0                            
  0,0                            
  0,0                            
  0,0                            
  0,0                            
  0,0                            
  0,0                            
  0,0                            
  0,0                            
  0,0                            
  0,0                            
  0,0                            
  0,0                            
  0,0                            
  0,0                            
  0,0                            
  0,0                            
  0,0                            
  0,0                            
  0,0                            
  0,0                            
  0,0                            
  0,0                            
  0,0                            
  0,0                            
  0,0                            
  0,0                            
  0,0                            
  0,0                            
  0,0                            
  0,0                            
  0,0                            
  0,0                            
  0,0                            
  0,0                            
  0,0                            
  0,0                            
  0,0                            
  0,0                            
  0,0                            
  0,0                            
  0,0                            
  0,0                            
  0,0                            
  0,0                            
  0,0                            
  0,0                            
  0,0                            
  0,0                            
  0,0                            
  0,0                            
  0,0                            
  0,0                            
  0,0                            
  0,0                            
  0,0                            
  0,0                            
  0,0                            
  0,0                            
  0,0                            
  0,0                            
  0,0                            
  0,0                            
  0,0                            
  0,0                            
  0,0                            
  0,0                            
  0,0                            
  0,0                            
  0,0                            
  0,0                            
  0,0                            
  0,0                            
  0,0                            
  0,0                            
  0,0                            
  0,0                            
  0,0                            
  0,0                            
  0,0                            
  0,0                            
  0,0                            
  0,0                            
  0,0                            
  0,0                            
  0,0                            
  0,0                            
  0,0                            
  0,0                            
  0,0                            
  0,0                            
  0,0                            
  0,0                            
  0,0                            
  0,0                            
  0,0                            
  0,0                            
  0,0                            
  0,0                            
  0,0                            
  0,0                            
  0,0                            
  0,0                            
  0,0                            
  0,0                            
  0,0                            
  0,0                            
  0,0                            
  0,0                            
  0,0                            
  0,0                            
  0,0                            
  0,0                            
  0,0                            
  0,0                            
  0,0                            
  0,0                            
  0,0                            
  0,0                            
  0,0                            
  0,0                            
  0,0                            
  0,0                            
  0,0                            
  0,0                            
  0,0                            
  0,0                            
  0,0                            
  0,0                            
  0,0                            
  0,0                            
  0,0                            
  0,0                            
  0,0                            
  0,0                            
  0,0                            
  0,0                            
  0,0                            
  0,0                            
  0,0                            
  0,0                            
  0,0                            
  0,0                            
  0,0                            
  0,0                            
  0,0                            
  0,0                            
  0,0                            
  0,0                            
  0,0                            
  0,0                            
  0,0                            
  0,0                            
  0,0                            
  0,0                            
  0,0                            
  0,0                            
  0,0                            
  0,0                            
  0,0                            
  0,0                            
  0,0                            
  0,0                            
  0,0                            
  0,0                            
  0,0                            
  0,0                            
  0,0                            
  0,0                            
  0,0                            
  0,0                            
  0,0                            
  0,0                            
  0,0                            
  0,0                            
  0,0                            
  0,0                            
  0,0                            
  0,0                            
  0,0                            
  0,0                            
  0,0                            
  0,0                            
  0,0                            
  0,0                            
  0,0                            
  0,0                            
  0,0                            
  0,0                            
  0,0                            
  0,0                            
  0,0                            
  0,0                            
  0,0                            
  0,0                            
  0,0                            
  0,0                            
  0,0                            
  0,0                            
  0,0                            
  0,0                            
  0,0                            
  0,0                            
  0,0                            
  0,0                            
  0,0                            
  0,0                            
  0,0                            
  0,0                            
  0,0                            
  0,0                            
  0,0                            
  0,0                            
  0,0                            
  0,0                            
  0,0                            
  0,0                            
  0,0                            
  0,0                            
  0,0                            
  0,0                            
  0,0                            
  0,0                            
  0,0                            
  0,0                            
  0,0                            
  0,0                            
  0,0                            
  0,0                            
  0,0                            
  0,0                            
  0,0                            
  0,0                            
  0,0                            
  0,0                            
  0,0                            
  0,0                            
  0,0                            
  0,0                            
  0,0                            
  0,0                            
  0,0                            
  0,0                            
  0,0                            
  0,0                            
  0,0                            
  0,0                            
  0,0                            
  0,0                            
  0,0                            
  0,0                            
  0,0                            
  0,0                            
  0,0                            
  0,0                            
  0,0                            
  0,0                            
  0,0                            
  0,0                            
  0,0                            
  0,0                            
  0,0                            
  0,0                            
  0,0                            
  0,0                            
  0,0                            
  0,0                            
  0,0                            
  0,0                            
  0,0                            
  0,0                            
  0,0                            
  0,0                            
  0,0                            
  0,0                            
  0,0                            
  0,0                            
  0,0                            
  0,0                            
  0,0                            
  0,0                            
  0,0                            
  0,0                            
  0,0                            
  0,0                            
  0,0                            
  0,0                            
  0,0                            
  0,0                            
  0,0                            
  0,0                            
  0,0                            
  0,0                            
  0,0                            
  0,0                            
  0,0                            
  0,0                            
  0,0                            
  0,0                            
  0,0                            
  0,0                            
  0,0                            
  0,0                            
  0,0                            
  0,0                            
  0,0                            
  0,0                            
  0,0                            
  0,0                            
  0,0                            
  0,0                            
  0,0                            
  0,0                            
  0,0                            
  0,0                            
  0,0                            
  0,0                            
  0,0                            
  0,0                            
  0,0                            
  0,0                            
  0,0                            
  0,0                            
  0,0                            
  0,0                            
  0,0                            
  0,0                            
  0,0                            
  0,0                            
  0,0                            
  0,0                            
  0,0                            
  0,0                            
  0,0                            
  0,0                            
  0,0                            
  0,0                            
  0,0                            
  0,0                            
  0,0                            
  0,0                            
  0,0                            
  0,0                            
  0,0                            
  99770,46                       
  99844,46                       
  99888,46                       
  99803,46                       
  99719,46                       
  99693,46                       
  99713,46                       
  99698,46                       
  99659,46                       
  99686,46                       
  99674,46                       
  99661,46                       
  99706,46                       
  99731,66                       
  99780,66                       
  99815,66                       
  99808,66                       
  99795,66                       
  99821,66                       
  99864,66                       
  99806,66                       
  99760,66                       
  99727,66                       
  99755,66                       
  99712,66                       
  99651,66                       
  99628,66                       
  99684,66                       
  99664,66                       
  99685,66                       
  99625,66                       
  99614,66                       
  99582,66                       
  99568,66                       
  99577,66                       
  99546,66                       
  99486,66                       
  99497,66                       
  99414,66                       
  99411,66                       
  99440,66                       
  99435,66                       
  99439,66                       
  99499,66                       
  99477,38                       
  99567,38                       
  99690,38                       
  99742,38                       
  99666,38                       
  99575,38                       
  99555,38                       
  99623,38                       
  99578,38                       
  99530,38                       
  99506,38                       
  99446,38                       
  99433,38                       
  99400,38                       
  99376,38                       
  99382,38                       
  99340,38                       
  99338,38                       
  99347,38                       
  99292,38                       
  99253,38                       
  99233,38                       
  99228,38                       
  99141,38                       
  99197,38                       
  99210,38                       
  99181,46                       
  99095,46                       
  99111,46                       
  99070,46                       
  98990,46                       
  98919,46                       
  98899,46                       
  98854,46                       
  98842,46                       
  98870,46                       
  98864,46                       
  98883,46                       
  98849,46                       
  98830,46                       
  98797,46                       
  98763,46                       
  98784,46                       
  98764,46                       
  98772,46                       
  98857,63                       
  98882,63                       
  98917,63                       
  99007,63                       
  99069,63                       
  99069,63                       
  99020,63                       
  98995,63                       
  98975,63                       
  98903,63                       
  98876,63                       
  98869,63                       
  98836,63                       
  98769,63                       
  98794,63                       
  98769,63                       
  98792,63                       
  98826,63                       
  98923,63                       
  99004,63                       
  98959,60                       
  98927,60                       
  98943,60                       
  98919,60                       
  98884,60                       
  98897,60                       
  98835,60                       
  98749,60                       
  98754,60                       
  98766,60                       
  98727,60                       
  98742,60                       
  98726,101                      
  98691,101                      
  98724,101                      
  98712,101                      
  98697,101                      
  98678,101                      
  98690,101                      
  98699,101                      
  98664,150                      
  98646,150                      
  98666,150                      
  98684,150                      
  98693,150                      
  98664,150                      
  98623,150                      
  98581,150                      
  98529,150                      
  98547,150                      
  98511,150                      
  98492,150                      
  98486,150                      
  98424,150                      
  98389,150                      
  98412,150                      
  98390,150                      
  98356,150                      
  98364,150                      
  98369,150                      
  98356,150                      
  98360,150                      
  106962,121                     
  106994,121                     
  107045,25                      
  107091,25                      
  107059,25                      
  107126,25                      
  107251,25                      
  107333,25                      
  107394,25                      
  107431,25                      
  107380,25                      
  107387,25                      
  107348,25                      
  107379,25                      
  107343,25                      
  107365,25                      
  105574,202                     
  105603,202                     
  105687,202                     
  105505,202                     
  105501,202                     
  105433,202                     
  105407,202                     
  105324,202                     
  105145,202                     
  105148,202                     
  105106,202                     
  104977,202                     
  104909,202                     
  104838,202                     
  104811,202                     
  104767,202                     
  104769,202                     
  104703,202                     
  104740,202                     
  104770,202                     
  104745,202                     
  104743,202                     
  104725,202                     
  104695,202                     
  104653,202                     
  104596,202                     
  104595,202                     
  104752,202                     
  104978,202                     
  104875,202                     
  104865,202                     
  105285,202                     
  105249,202                     
  105100,202                     
  105142,202                     
  105006,202                     
  105049,202                     
  105139,202                     
  105132,202                     
  105090,202                     
  105130,202                     
  105128,202                     
  105170,202                     
  105142,202                     
  105261,202                     
  105376,202                     
  105298,202                     
  105361,202                     
  105337,202                     
  105353,202                     
  105285,202                     
  105310,202                     
  105198,202                     
  105211,202                     
  105050,202                     
  104845,202                     
  104920,202                     
  104895,202                     
  104910,202                     
  104986,202                     
  104849,202                     
  104823,202                     
  104887,202                     
  104852,202                     
  104865,202                     
  104941,202                     
  104925,16                      
  104868,16                      
  104890,16                      
  104768,16                      
  104645,16                      
  104578,16                      
  104536,16                      
  104497,16                      
  104442,16                      
  104385,16                      
  104458,16                      
  104551,16                      
  104530,100                     
  104490,100                     
  104490,100                     
  104489,100                     
  104319,100                     
  104230,100                     
  104194,100                     
  104202,100                     
  104216,100                     
  104183,100                     
  104221,100                     
  104201,100                     
  104211,100                     
  104400,93                      
  104221,93                      
  104020,93                      
  104062,93                      
  104039,93                      
  104113,93                      
  104182,93                      
  104228,173                     
  104255,173                     
  104504,173                     
  104813,173                     
  104895,173                     
  104944,173                     
  104774,173                     
  104862,173                     
  104709,173                     
  104458,173                     
  104348,173                     
  104237,173                     
  104150,173                     
  104119,173                     
  104069,173                     
  104035,173                     
  104006,173                     
  104042,173                     
  104029,173                     
  104016,173                     
  104010,173                     
  103999,173                     
  103927,173                     
  103976,173                     
  103978,173                     
  103926,48                      
  103959,48                      
  103935,48                      
  103907,48                      
  103892,48                      
  103925,48                      
  103905,48                      
  103893,48                      
  103869,48                      
  103846,48                      
  103837,48                      
  103834,48                      
  103828,100                     
  103800,100                     
  103787,100                     
  103774,100                     
  103756,100                     
  103742,100                     
  103757,100                     
  103708,100                     
  103732,100                     
  103747,100                     
  103757,100                     
  100275,21                      
  100842,21                      
  100925,21                      
  100985,21                      
  100937,21                      
  100992,21                      
  100941,21                      
  100962,21                      
  101125,21                      
  101009,21                      
  100953,21                      
  101056,21                      
  101027,21                      
  101020,21                      
  100925,21                      
  100761,21                      
  100807,21                      
  100673,21                      
  100542,21                      
  100584,21                      
  100556,21                      
  100353,21                      
  100290,21                      
  100202,21                      
  100141,21                      
  100220,21                      
  100163,21                      
  100070,21                      
  100158,21                      
  100038,21                      
  99918,21                       
  99878,21                       
  99654,21                       
  99607,21                       
  99669,21                       
  99722,21                       
  99650,21                       
  99679,21                       
  99637,21                       
  99636,21                       
  99696,21                       
  99688,21                       
  99677,22                       
  99657,22                       
  99701,22                       
  99733,163                      
  99712,163                      
  99707,163                      
  99687,163                      
  99704,163                      
  99694,163                      
  99574,163                      
  99516,163                      
  99562,163                      
  99574,163                      
  99601,163                      
  99503,163                      
  99435,163                      
  99423,163                      
  99337,163                      
  99278,163                      
  99333,163                      
  99340,163                      
  99250,163                      
  99197,163                      
  99112,163                      
  99134,163                      
  99099,163                      
  99064,163                      
  99087,163                      
  99059,163                      
  99080,163                      
  99123,45                       
  99090,45                       
  99054,45                       
  99042,45                       
  98976,45                       
  98965,45                       
  99028,45                       
  99028,45                       
  99052,45                       
  99150,134                      
  99299,134                      
  99257,134                      
  99318,134                      
  99313,134                      
  99254,134                      
  99226,134                      
  99190,134                      
  99146,134                      
  99132,134                      
  99085,134                      
  99090,134                      
  99100,134                      
  99121,134                      
  99267,134                      
  99331,79                       
  99319,79                       
  99303,79                       
  99384,79                       
  99260,79                       
  99182,79                       
  99230,79                       
  99241,79                       
  99249,79                       
  99237,134                      
  99194,134                      
  99111,134                      
  99158,134                      
  99155,134                      
  99154,134                      
  99234,134                      
  99182,173                      
  99164,173                      
  99154,173                      
  99122,173                      
  99075,173                      
  98971,173                      
  98916,173                      
  98908,173                      
  98891,173                      
  98819,173                      
  98869,173                      
  98809,173                      
  98796,173                      
  98863,173                      
  98904,173                      
  98868,80                       
  98915,80                       
  98920,80                       
  98901,80                       
  98940,80                       
  98958,80                       
  98896,80                       
  98903,80                       
  98900,80                       
  98906,80                       
  98880,80                       
  98876,109                      
  98935,109                      
  98883,109                      
  98864,109                      
  98892,109                      
  98846,109                      
  98805,109                      
  98790,109                      
  98725,109                      
  98778,109                      
  98763,109                      
  98784,109                      
  98777,109                      
  98793,93                       
  98789,93                       
  98764,93                       
  98787,93                       
  98811,93                       
  98782,93                       
  98787,201                      
  98797,201                      
  98777,201                      
  98733,201                      
  98751,201                      
  98728,201                      
  98675,201                      
  95688,173                      
  95762,98                       
  95773,98                       
  95773,98                       
  95778,98                       
  95805,98                       
  95860,98                       
  95866,98                       
  95804,98                       
  95861,98                       
  95859,98                       
  95808,98                       
  95838,98                       
  95861,98                       
  95799,98                       
  95853,98                       
  95809,98                       
  95821,75                       
  95799,75                       
  95767,75                       
  95746,75                       
  95714,75                       
  95656,75                       
  95657,75                       
  95613,75                       
  95646,75                       
  95721,75                       
  95718,121                      
  95809,121                      
  95898,121                      
  95974,121                      
  96063,121                      
  96087,121                      
  96153,121                      
  96122,121                      
  96080,121                      
  96087,121                      
  96078,121                      
  96088,121                      
  96139,100                      
  96044,100                      
  96042,100                      
  96053,100                      
  96040,100                      
  96044,100                      
  96064,100                      
  96081,100                      
  96046,150                      
  96015,150                      
  96024,150                      
  96046,150                      
  96015,150                      
  95929,150                      
  95947,150                      
  95900,150                      
  95932,150                      
  96023,150                      
  96068,121                      
  96165,121                      
  96134,121                      
  96196,121                      
  96194,121                      
  96153,121                      
  98.151,68                      
  98.103,68                      
  98.103,68                      
  97.992,68                      
  98.053,68                      
  98.21,68                       
  98.213,40                      
  98.183,40                      
  98.012,40                      
  97.953,40                      
  97.919,40                      
  97.955,40                      
  97.966,40                      
  97.899,40                      
  97.92,40                       
  97.889,40                      
  97.849,40                      
  97.89,40                       
  97.937,40                      
  97.93,40                       
  97.974,84                      
  97.964,84                      
  97.926,84                      
  97.878,84                      
  97.82,84                       
  97.8,84                        
  97.784,84                      
  97.861,84                      
  97.86,84                       
  97.835,134                     
  97.876,134                     
  97.878,134                     
  97.866,134                     
  97.834,134                     
  97.863,134                     
  97.814,134                     
  97.83,134                      
  97.802,134                     
  97.796,134                     
  97.813,134                     
  97.804,134                     
  97.769,134                     
  97.748,134                     
  97.759,134                     
  97.765,134                     
  97.724,134                     
  97.762,134                     
  97.848,134                     
  97.821,63                      
  97.814,63                      
  97.91,63                       
  97.847,63                      
  97.84,63                       
  97.871,63                      
  97.816,63                      
  97.759,63                      
  97.813,63                      
  97.803,63                      
  97.783,63                      
  97.761,63                      
  97.764,63                      
  97.756,63                      
  97.706,63                      
  97.774,63                      
  97.829,75                      
  97.819,75                      
  97.737,75                      
  97.787,75                      
  97.74,75                       
  97.671,75                      
  97.745,75                      
  97.731,75                      
  97.702,75                      
  97.763,134                     
  97.761,134                     
  97.766,134                     
  97.781,134                     
  97.735,134                     
  97.663,134                     
  97.65,134                      
  97.617,134                     
  97.591,134                     
  97.573,134                     
  97.591,134                     
  97.677,134                     
  97.569,134                     
  97.561,94                      
  97.546,94                      
  97.546,94                      
  97.544,94                      
  97.535,94                      
  97.514,94                      
  97.583,94                      
  97.625,173                     
  97.626,173                     
  97.592,173                     
  97.574,173                     
  97.613,173                     
  97.574,173                     
  97.554,173                     
  97.592,173                     
  110.688,41                     
  110.648,41                     
  110.703,41                     
  110.647,41                     
  110.589,41                     
  110.59,55                      
  110.504,55                     
  110.423,55                     
  110.411,55                     
  110.36,55                      
  110.336,55                     
  110.37,55                      
  110.343,55                     
  110.319,55                     
  110.305,55                     
  110.311,55                     
  110.286,55                     
  110.272,55                     
  110.261,55                     
  110.237,55                     
  110.205,55                     
  110.193,55                     
  110.175,55                     
  110.166,55                     
  110.137,55                     
  110.12,55                      
  110.102,55                     
  110.044,55                     
  110.001,55                     
  110.023,55                     
  109.987,55                     
  109.964,46                     
  109.969,46                     
  109.942,46                     
  109.866,46                     
  109.815,46                     
  109.814,46                     
  109.82,46                      
  109.825,46                     
  109.769,46                     
  109.748,46                     
  109.785,46                     
  109.795,46                     
  109.794,46                     
  109.847,46                     
  109.86,46                      
  109.832,46                     
  109.865,46                     
  109.856,46                     
  109.79,46                      
  109.761,46                     
  109.735,46                     
  109.698,46                     
  109.694,46                     
  109.706,46                     
  109.669,46                     
  109.647,46                     
  109.628,46                     
  109.62,46                      
  109.553,46                     
  109.535,46                     
  109.504,46                     
  109.478,46                     
  109.477,36                     
  109.475,36                     
  109.43,36                      
  109.435,36                     
  109.373,91                     
  109.313,91                     
  109.346,91                     
  109.323,91                     
  109.285,91                     
  109.263,91                     
  109.256,91                     
  109.262,91                     
  109.229,91                     
  109.207,91                     
  109.243,91                     
  109.201,91                     
  109.229,91                     
  109.225,91                     
  109.222,91                     
  109.214,91                     
  109.216,91                     
  109.226,91                     
  109.217,91                     
  109.204,91                     
  109.267,91                     
  109.231,91                     
  109.192,91                     
  109.22,91                      
  109.225,91                     
  109.223,91                     
  109.22,91                      
  109.221,91                     
  109.238,91                     
  109.255,91                     
  109.29,91                      
  109.348,91                     
  109.357,91                     
  109.347,91                     
  109.407,91                     
  109.387,91                     
  109.373,91                     
  109.396,91                     
  109.375,91                     
  109.385,91                     
  109.362,91                     
  109.358,91                     
  109.362,91                     
  109.328,91                     
  109.297,91                     
  109.301,91                     
  109.27,91                      
  109.234,91                     
  109.247,91                     
  109.253,91                     
  109.19,91                      
  109.22,91                      
  109.229,91                     
  109.206,91                     
  109.179,91                     
  109.178,91                     
  109.174,91                     
  109.183,91                     
  109.136,91                     
  109.11,91                      
  109.145,91                     
  109.132,91                     
  109.151,91                     
  109.127,91                     
  109.13,91                      
  109.101,91                     
  109.087,91                     
  109.129,91                     
  109.089,91                     
  109.078,91                     
  109.125,91                     
  109.077,91                     
  109.043,91                     
  109.054,91                     
  109.04,91                      
  109.045,91                     
  109.034,91                     
  109.031,91                     
  109.062,91                     
  109.047,91                     
  109.018,10                     
  109.057,10                     
  103.575,15                     
  103.544,15                     
  103.567,15                     
  103.485,15                     
  103.432,15                     
  103.51,15                      
  103.522,15                     
  103.503,15                     
  103.466,15                     
  103.423,15                     
  103.46,15                      
  103.414,15                     
  103.366,15                     
  103.408,15                     
  103.378,15                     
  103.395,15                     
  103.484,15                     
  103.483,15                     
  103.534,15                     
  103.763,15                     
  104.006,15                     
  104.131,15                     
  104.185,15                     
  104.205,15                     
  104.189,15                     
  104.119,15                     
  104.03,15                      
  104.058,15                     
  104.041,15                     
  103.95,15                      
  103.965,15                     
  103.937,15                     
  103.855,15                     
  103.795,15                     
  103.775,15                     
  103.747,15                     
  103.7,15                       
  103.7,15                       
  103.804,15                     
  103.855,15                     
  103.925,15                     
  103.947,15                     
  103.995,15                     
  104.068,15                     
  104.109,15                     
  104.057,15                     
  104.034,15                     
  103.974,15                     
  103.92,15                      
  103.963,15                     
  103.909,15                     
  103.893,15                     
  103.926,15                     
  103.905,15                     
  103.887,15                     
  103.85,15                      
  103.863,15                     
  103.887,15                     
  103.852,15                     
  103.829,15                     
  103.909,15                     
  103.857,26                     
  103.853,26                     
  103.87,26                      
  103.863,26                     
  103.882,26                     
  103.936,26                     
  103.956,26                     
  103.934,26                     
  103.865,26                     
  103.82,26                      
  103.849,26                     
  103.83,26                      
  103.785,26                     
  103.826,26                     
  103.81,26                      
  103.804,26                     
  103.762,26                     
  103.752,26                     
  103.732,26                     
  103.743,26                     
  103.73,26                      
  103.722,26                     
  103.739,26                     
  103.708,26                     
  103.7,26                       
  103.745,26                     
  103.7,26                       
  103.741,26                     
  103.753,26                     
  103.798,41                     
  103.742,41                     
  103.738,41                     
  103.731,41                     
  103.662,41                     
  103.617,41                     
  103.65,41                      
  103.62,41                      
  103.63,41                      
  103.685,41                     
  103.668,120                    
  103.705,120                    
  103.764,120                    
  104.036,120                    
  104.398,120                    
  104.514,120                    
  104.604,120                    
  104.829,120                    
  104.935,120                    
  104.909,120                    
  104.884,120                    
  104.913,120                    
  104.881,120                    
  104.874,120                    
  104.868,120                    
  104.843,120                    
  104.838,120                    
  104.766,120                    
  104.72,120                     
  104.757,120                    
  104.75,120                     
  104.664,120                    
  104.65,120                     
  104.686,120                    
  104.59,120                     
  104.475,120                    
  104.325,120                    
  104.215,120                    
  104.168,120                    
  104.154,120                    
  104.181,120                    
  104.102,120                    
  103.98,120                     
  103.829,120                    
  103.63,120                     
  103.521,120                    
  103.5,120                      
  103.51,120                     
  103.479,120                    
  103.455,120                    
  103.337,120                    
  103.278,120                    
  103.374,120                    
  103.509,120                    
  103.472,120                    
  103.398,120                    
  103.334,120                    
  103.343,120                    
  103.431,120                    
  103.513,24                     
  103.679,24                     
  103.781,24                     
  103.811,24                     
  103.737,24                     
  103.762,24                     
  103.713,24                     
  103.612,24                     
  103.587,24                     
  103.527,24                     
  103.489,24                     
  103.5,24                       
  103.488,24                     
  103.485,24                     
  103.456,24                     
  103.406,24                     
  103.423,24                     
  103.398,24                     
  103.313,24                     
  103.242,24                     
  103.24,24                      
  103.204,24                     
  103.244,24                     
  103.275,24                     
  103.286,50                     
  103.242,50                     
  103.197,50                     
  103.252,50                     
  103.179,50                     
  103.182,50                     
  103.193,50                     
  103.21,50                      
  103.207,50                     
  103.187,134                    
  103.243,134                    
  103.251,134                    
  103.272,134                    
  103.34,134                     
  103.307,134                    
  103.244,134                    
  103.267,134                    
  103.254,134                    
  103.248,134                    
  103.243,134                    
  103.238,134                    
  103.2,134                      
  103.151,134                    
  103.1,134                      
  103.163,134                    
  103.163,134                    
  103.121,134                    
  103.189,67                     
  103.21,67                      
  103.188,67                     
  103.212,67                     
  103.196,67                     
  103.15,67                      
  103.145,67                     
  103.13,67                      
  103.177,67                     
  103.13,67                      
  103.102,67                     
  103.145,67                     
  103.153,67                     
  103.166,67                     
  103.161,86                     
  103.153,86                     
  103.127,86                     
  103.131,86                     
  103.162,86                     
  103.225,245                    
  103.258,245                    
  103.235,245                    
  103.344,245                    
  103.33,245                     
  103.329,245                    
  103.328,245                    
  103.328,245                    
  103.309,245                    
  103.304,245                    
  103.321,245                    
  103.297,245                    
  103.268,245                    
  103.309,245                    
  103.235,245                    
  103.199,245                    
  103.235,245                    
  103.215,245                    
  103.185,245                    
  103.156,245                    
  103.141,245                    
  103.133,245                    
  103.123,245                    
  103.123,245                    
  103.142,245                    
  103.105,245                    
  103.065,245                    
  103.102,245                    
  103.054,245                    
  103.043,245                    
  103.066,245                    
  103.076,245                    
  103.127,37                     
  103.154,37                     
  103.242,37                     
  103.38,37                      
  103.496,37                     
  103.657,37                     
  103.927,37                     
  103.795,37                     
  103.514,37                     
  103.437,37                     
  103.461,37                     
  103.43,37                      
  103.439,37                     
  103.411,37                     
  103.376,37                     
  103.331,37                     
  103.292,37                     
  103.312,37                     
  103.25,37                      
  103.233,37                     
  103.199,37                     
  103.19,37                      
  103.185,37                     
  103.189,37                     
  107.905,0                      
  107.905,0                      
  107.805,0                      
  107.768,0                      
  107.662,0                      
  107.693,0                      
  107.719,0                      
  107.653,0                      
  107.593,0                      
  107.612,0                      
  107.553,0                      
  107.562,0                      
  107.624,0                      
  107.61,13                      
  107.547,13                     
  107.524,13                     
  107.51,13                      
  107.534,13                     
  107.495,13                     
  107.496,202                    
  107.464,202                    
  107.452,202                    
  107.449,202                    
  107.347,202                    
  98.383,0                       
  98.433,0                       
  98.382,0                       
  98.535,0                       
  98.699,0                       
  98.834,0                       
  99.035,0                       
  99.227,0                       
  99.442,0                       
  99.693,0                       
  99.682,0                       
  99.667,0                       
  99.55,0                        
  99.49,0                        
  99.367,0                       
  99.232,0                       
  99.174,0                       
  98.975,86                      
  98.857,86                      
  98.83,86                       
  98.692,86                      
  98.158,86                      
  98.201,86                      
  98.4,86                        
  98.478,86                      
  98.607,86                      
  98.701,100                     
  98.566,100                     
  98.599,100                     
  98.847,100                     
  98.787,100                     
  97.734,121                     
  97.495,121                     
  96.391,80                      
  96.385,80                      
  96.459,80                      
  96.467,80                      
  96.384,110                     
  96.307,110                     
  96.296,110                     
  96.349,110                     
  96.476,110                     
  96.461,240                     
  96.603,240                     
  96.538,240                     
  96.568,240                     
  96.522,240                     
  96.527,240                     
  96.506,240                     
  96.536,240                     
  96.511,240                     
  96.511,240                     
  96.535,240                     
  96.487,240                     
  96.457,240                     
  96.522,240                     
  96.516,240                     
  96.482,240                     
  96.52,240                      
  96.452,240                     
  96.437,240                     
  96.454,240                     
  96.482,60                      
  96.511,60                      
  96.493,60                      
  96.494,60                      
  96.576,60                      
  96.617,60                      
  96.563,60                      
  96.667,60                      
  96.625,60                      
  96.568,60                      
  96.537,60                      
  96.566,60                      
  96.992,60                      
  97.115,60                      
  97.203,60                      
  97.086,60                      
  97.033,60                      
  96.963,60                      
  96.943,60                      
  96.876,60                      
  96.852,60                      
  96.83,60                       
  96.818,60                      
  96.816,60                      
  96.732,60                      
  96.742,48                      
  96.709,48                      
  96.672,48                      
  96.664,146                     
  96.645,146                     
  96.635,146                     
  96.675,146                     
  96.637,146                     
  96.613,146                     
  96.632,146                     
  96.648,146                     
  96.631,146                     
  96.579,146                     
  96.57,146                      
  96.6,146                       
  96.575,146                     
  96.57,146                      
  96.578,146                     
  96.567,146                     
  96.532,146                     
  96.532,146                     
  96.505,146                     
  96.498,146                     
  96.501,71                      
  96.465,71                      
  96.465,71                      
  96.466,71                      
  96.426,71                      
  96.448,71                      
  96.415,71                      
  96.391,71                      
  96.396,71                      
  96.424,71                      
  96.391,71                      
  96.364,109                     
  96.383,109                     
  96.377,109                     
  96.375,109                     
  96.366,109                     
  96.402,245                     
  96.393,245                     
  96.393,245                     
  96.398,245                     
  96.399,245                     
  96.443,245                     
  96.478,245                     
  96.47,245                      
  96.476,245                     
  96.461,245                     
  96.475,245                     
  96.511,245                     
  96.448,245                     
  96.526,245                     
  96.556,245                     
  96.533,245                     
  96.535,245                     
  96.474,245                     
  96.462,245                     
  96.416,245                     
  96.427,245                     
  96.451,245                     
  96.432,245                     
  96.392,245                     
  96.424,50                      
  96.425,50                      
  96.407,50                      
  96.415,50                      
  96.405,50                      
  96.406,50                      
  96.379,50                      
  96.359,50                      
  96.371,50                      
  96.333,50                      
  96.295,50                      
  96.281,50                      
  96.302,50                      
  96.204,50                      
  96.142,50                      
  96.164,50                      
  96.198,50                      
  96.156,50                      
  96.154,50                      
  96.15,50                       
  96.186,50                      
  96.168,50                      
  96.14,50                       
  96.113,50                      
  96.12,50                       
  96.126,50                      
  96.105,50                      
  108.586,181                    
  108.406,181                    
  108.128,181                    
  107.973,181                    
  107.502,181                    
  99.767,120                     
  99.741,121                     
  99.766,121                     
  99.82,121                      
  99.896,121                     
  98.993,110                     
  98.97,110                      
  99.032,110                     
  99.029,110                     
  99.045,110                     
  99.102,110                     
  99.148,110                     
  99.213,110                     
  99.282,110                     
  99.234,110                     
  99.244,110                     
  99.196,110                     
  99.2,110                       
  99.25,110                      
  99.249,110                     
  99.189,110                     
  99.23,110                      
  99.213,110                     
  99.158,110                     
  99.105,110                     
  99.14,110                      
  99.171,110                     
  99.15,110                      
  99.155,33                      
  99.142,33                      
  99.143,33                      
  99.162,33                      
  99.16,33                       
  99.178,246                     
  99.172,246                     
  99.127,246                     
  99.239,246                     
  99.243,246                     
  99.306,246                     
  99.304,246                     
  99.316,246                     
  99.301,246                     
  99.194,246                     
  99.14,246                      
  99.129,246                     
  99.099,246                     
  99.185,246                     
  99.251,246                     
  99.226,81                      
  99.207,81                      
  99.215,81                      
  99.158,81                      
  99.173,81                      
  99.13,81                       
  99.12,81                       
  99.119,81                      
  99.09,81                       
  99.105,81                      
  99.097,81                      
  99.055,81                      
  99.108,81                      
  99.108,81                      
  99.068,81                      
  99.078,81                      
  99.097,81                      
  99.094,81                      
  99.015,81                      
  99.037,81                      
  99.094,81                      
  99.051,81                      
  99.075,55                      
  99.051,55                      
  99.056,55                      
  99.023,55                      
  99.04,55                       
  99.067,55                      
  99.07,201                      
  99.056,201                     
  99.101,201                     
  99.021,201                     
  99.022,201                     
  99.1,201                       
  99.057,202                     
  99.026,202                     
  99.043,202                     
  99.045,202                     
  99.067,50                      
  99.048,50                      
  99.021,50                      
  99.021,50                      
  98.965,50                      
  98.955,50                      
  99.031,50                      
  98.991,50                      
  98.976,150                     
  98.975,150                     
  98.968,150                     
  98.979,150                     
  98.956,150                     
  98.946,150                     
  98.96,150                      
  98.957,150                     
  98.919,150                     
  98.957,150                     
  98.929,150                     
  98.918,150                     
  98.907,150                     
  98.896,150                     
  98.889,150                     
  98.85,150                      
  98.856,150                     
  98.841,150                     
  98.874,150                     
  98.876,150                     
  98.832,150                     
  98.827,150                     
  98.82,150                      
  98.819,150                     
  98.808,150                     
  98.81,150                      
  98.859,150                     
  98.857,45                      
  98.768,45                      
  98.794,45                      
  98.821,45                      
  98.819,45                      
  98.862,245                     
  98.881,245                     
  98.857,245                     
  98.846,245                     
  98.848,245                     
  98.887,245                     
  98.837,245                     
  98.857,245                     
  98.889,245                     
  98.868,245                     
  98.898,245                     
  98.907,245                     
  98.929,245                     
  98.899,245                     
  98.862,245                     
  98.861,245                     
  98.871,245                     
  98.874,245                     
  98.843,245                     
  98.88,63                       
  98.893,63                      
  98.866,63                      
  98.896,63                      
  98.894,63                      
  98.974,63                      
  99.027,63                      
  99.018,63                      
  99.023,63                      
  98.951,63                      
  98.918,63                      
  98.894,63                      
  98.872,63                      
  98.9,63                        
  98.929,63                      
  99.029,63                      
  98.966,75                      
  98.98,75                       
  98.975,75                      
  98.963,75                      
  98.963,75                      
  99.001,245                     
  106.117,93                     
  106.076,93                     
  106.06,93                      
  106.082,93                     
  106.047,93                     
  106.075,93                     
  106.131,173                    
  106.136,173                    
  106.153,173                    
  106.103,173                    
  106.187,173                    
  106.228,173                    
  106.155,173                    
  106.181,173                    
  106.197,173                    
  106.158,173                    
  106.098,173                    
  106.084,173                    
  106.11,173                     
  106.189,173                    
  106.14,86                      
  106.085,86                     
  106.15,86                      
  106.222,86                     
  106.196,50                     
  106.078,50                     
  106.041,50                     
  106.088,50                     
  106.096,50                     
  106.098,50                     
  106.121,50                     
  106.07,173                     
  106.023,173                    
  105.986,173                    
  105.933,173                    
  105.938,173                    
  106.037,173                    
  106.013,173                    
  106.069,170                    
  106.068,170                    
  106.021,170                    
  106.035,170                    
  106.047,170                    
  106.039,245                    
  106.052,245                    
  106.03,245                     
  106.039,245                    
  106.066,245                    
  106.082,245                    
  106.049,201                    
  106.037,201                    
  106.039,201                    
  106.027,201                    
  106.05,201                     
  105.999,240                    
  105.982,240                    
  106.036,240                    
  106.048,240                    
  106.038,50                     
  106.057,50                     
  106.036,50                     
  106.11,50                      
  106.087,50                     
  106.042,50                     
  106.067,50                     
  106.027,50                     
  106.023,50                     
  106.055,50                     
  106.051,50                     
  106.063,109                    
  106.07,109                     
  106.073,109                    
  106.081,109                    
  106.089,109                    
  106.075,109                    
  106.053,109                    
  106.057,109                    
  106.001,109                    
  106.006,109                    
  106.008,109                    
  106.017,109                    
  105.933,109                    
  105.906,109                    
  105.918,109                    
  105.849,109                    
  105.919,109                    
  105.901,109                    
  105.858,109                    
  105.833,109                    
  105.823,109                    
  105.83,109                     
  105.818,109                    
  105.721,109                    
  105.675,109                    
  105.658,109                    
  105.617,109                    
  105.624,109                    
  105.589,109                    
  105.533,109                    
  105.44,109                     
  105.394,109                    
  105.445,109                    
  105.695,109                    
  105.964,35                     
  106.177,35                     
  106,35                         
  105.855,35                     
  105.666,35                     
  105.598,35                     
  105.596,35                     
  105.531,35                     
  105.438,35                     
  105.424,35                     
  105.465,35                     
  105.449,35                     
  105.453,35                     
  105.422,35                     
  105.453,35                     
  105.472,35                     
  105.46,35                      
  105.532,35                     
  105.525,35                     
  105.588,35                     
  105.561,35                     
  105.632,35                     
  105.665,35                     
  105.683,35                     
  105.715,35                     
  105.698,35                     
  105.739,35                     
  105.819,35                     
  105.879,35                     
  105.918,35                     
  105.96,35                      
  105.981,35                     
  105.967,35                     
  105.767,35                     
  105.726,35                     
  105.87,35                      
  105.985,35                     
  106.159,32                     
  106.492,32                     
  106.699,32                     
  106.654,32                     
  106.482,32                     
  106.352,32                     
  106.228,32                     
  106.173,32                     
  106.159,32                     
